h2_fraction,phi,T_in,P,success,Su,Su_cm_s,T_ad,NO_ppm,N2O_ppm,NO2_ppm,error
0.39140048834937813,0.8304074770683196,300.0,101325.0,True,0.24771068470226398,24.7710684702264,1961.6341078142639,10619.45332612033,0.13150223938769562,6.6880769113607705,
0.5015711342232069,0.7020175464729376,300.0,101325.0,True,0.24912042445737095,24.912042445737097,1810.3508859327706,10745.78531398111,0.11648389647631112,12.666364629653883,
0.010064696134581672,0.9334958509890883,300.0,101325.0,True,0.09737254429382598,9.737254429382599,2004.5253797863418,5881.4809417230335,0.08222889768861025,2.0139924698270932,
0.2915428922001072,1.168092904631487,300.0,101325.0,True,0.23920360017032144,23.920360017032145,2044.0475542988395,3159.704239207247,0.11790429546569875,0.026054900570586775,
0.5430209596369384,1.2969974270806963,300.0,101325.0,True,0.537222595145612,53.7222595145612,2048.3765579700444,4747.546985661649,0.29403561136730927,0.02298283422006178,
0.7181022441751935,0.9871549000743427,300.0,101325.0,True,0.9368073954445176,93.68073954445177,2212.8745125033483,13732.82098180325,0.24342102577359986,1.4666319524545932,
0.14840149866577038,1.0745149225781945,300.0,101325.0,True,0.16362087214511922,16.362087214511924,2059.6439066835187,3824.107176766004,0.08269785575149972,0.07181879606851886,
0.772850953346363,1.045151741854768,300.0,101325.0,True,1.180954497143741,118.09544971437408,2235.0946397254747,12702.52479146944,0.3356213001423445,0.6289890511407242,
0.3160601690331574,1.266241218292639,300.0,101325.0,True,0.23127625377326225,23.127625377326225,2004.624276301741,1148.31350725152,0.05305277165416153,0.004922218522660748,
0.9352485425334158,1.0291222373391862,300.0,101325.0,True,1.8551932463587908,185.5193246358791,2325.412745094149,8926.884669780251,0.18681066082623954,0.8033764811548088,
0.2804656917768292,0.7509698268791342,300.0,101325.0,True,0.13979354542109476,13.979354542109476,1836.3742705787001,8095.335971047054,0.10631414477542789,8.174594111469453,
0.9892144663956122,1.2140458591911854,300.0,101325.0,True,2.5505979534582064,255.05979534582065,2336.30532072673,2822.413293931235,0.06922905663648653,0.07857254093785303,
0.5913512944769582,0.7653690752809869,300.0,101325.0,True,0.4060005479876142,40.60005479876142,1921.45993743081,13264.579674237995,0.15057083597382245,10.801325287117995,
0.8503697666252552,0.9263746415614185,300.0,101325.0,True,1.2627700864630538,126.27700864630538,2221.4491710149305,13481.395132181078,0.2262394922268214,3.199551249146094,
0.6538412278659161,0.9021130069783836,300.0,101325.0,True,0.6745515667954572,67.45515667954572,2111.6747060827533,14673.599601845372,0.24697116161047158,3.811224210516994,
0.6028359760454687,1.020216601783772,300.0,101325.0,True,0.6807875900227173,68.07875900227172,2180.742367886318,11824.35548898056,0.2455320575218091,0.6877078978142545,
0.7963797182429094,1.104196935293101,300.0,101325.0,True,1.333263451577737,133.32634515777372,2226.0964338282015,11716.045595882704,0.4279277008978135,0.32249412272517924,
0.5725604909858243,1.0854035242727713,300.0,101325.0,True,0.6490927583475904,64.90927583475904,2142.0372220119657,10390.618472151365,0.39174280464776995,0.2290213982017742,
0.620778649940717,0.8234953004918271,300.0,101325.0,True,0.5185127509101258,51.85127509101258,2009.6412339730477,14233.71064887128,0.17151052261674846,8.215430292066348,
0.41970100723276793,0.9422012400354499,300.0,101325.0,True,0.33512827766903347,33.51282776690335,2094.3673971830567,10788.218777337193,0.15817954525261255,2.323679102668613,
0.43958720090141856,0.9077821453596144,300.0,101325.0,True,0.3376090337678825,33.76090337678825,2062.293681763944,11439.107706135745,0.163874416787671,3.626866159547388,
0.5588859433110861,0.8845842223907864,300.0,101325.0,True,0.4836454044297433,48.36454044297433,2069.953329637781,13455.708484574845,0.1650505795482911,5.357056978525315,
0.19075266887338668,1.1746349042833546,300.0,101325.0,True,0.1756760218041225,17.56760218041225,2019.9623307644988,1647.367414714034,0.052909389451738696,0.01162885506814057,
0.46236135134410916,0.8647444793071317,300.0,101325.0,True,0.33638038290644795,33.63803829064479,2019.9343734908668,11905.671508487614,0.14441565145998075,5.854542839730879,
0.5146389388447224,0.999068316775938,300.0,101325.0,True,0.4989108245419365,49.89108245419365,2159.4668756008805,10997.713441565029,0.17328888032642495,0.9409962953440386,
0.45333435330583216,1.0066175848683265,300.0,101325.0,True,0.4089595757132803,40.895957571328026,2146.045191784728,9792.04554833541,0.1541680572433286,0.7149392833459021,
0.15792306247219845,0.7289009942893864,300.0,101325.0,True,0.08872667257258993,8.872667257258993,1783.991714767514,6226.001321034473,0.09183665920474554,7.397122438079527,
0.047720384681929615,0.7214618064598535,300.0,101325.0,True,0.06231170374140494,6.231170374140494,1756.14478497876,5075.3173354124165,0.08368531686631739,6.5068205738773495,
0.8949009358273518,0.7828750586936474,300.0,101325.0,True,1.0717533975528646,107.17533975528646,2051.0654419785783,11568.682500253133,0.2885795789106853,5.634091000184542,
0.8651133666874705,0.8392364661764268,300.0,101325.0,True,1.1177295969391623,111.77295969391623,2114.1535443028065,13196.827614428696,0.28965017030696455,4.672325007327361,
0.7036844115356614,1.0168593586257124,300.0,101325.0,True,0.929649187047337,92.9649187047337,2212.021873309044,13018.653200367913,0.2813378743804085,0.8591692750065383,
0.9159418210390978,1.0549000076172266,300.0,101325.0,True,1.8007505150769103,180.07505150769103,2311.364208400844,9786.32059116573,0.23043523470090543,0.6227796070510135,
0.8040586853333268,1.1896428039956135,300.0,101325.0,True,1.4309844197932178,143.0984419793218,2193.789258867429,10547.620512020409,0.5293160225465044,0.1524771912405381,
0.21600880932505098,0.8046403326795826,300.0,101325.0,True,0.13272939492729033,13.272939492729034,1892.2509103126333,7852.928820726954,0.10950898762615634,6.190977587912923,
0.3885464685048007,0.8104218840717843,300.0,101325.0,True,0.2336560827445826,23.36560827445826,1934.3236395335273,10429.56647636064,0.1287007655807454,7.405362813513402,
0.7865046147464497,0.8706098090418357,300.0,101325.0,True,0.946734940744207,94.6734940744207,2119.642663069517,14937.926214047657,0.2854681938712342,4.464060865250362,
0.4794066325192426,0.8784404034275644,300.0,101325.0,True,0.3666986452696524,36.66986452696524,2041.669984860842,12181.995505823395,0.14773285826702018,5.363025052325519,
0.9771299695367882,0.9714574407198533,300.0,101325.0,True,1.9749903592066418,197.49903592066417,2331.536319047782,5021.714437721189,0.16071068654949863,0.9258774548771358,
0.0634045138025924,0.715587223235154,300.0,101325.0,True,0.06369400061231738,6.369400061231738,1751.3249043350877,5114.9658112388815,0.08335553534147201,6.704031728094899,
0.727144087196208,0.9147740119392905,300.0,101325.0,True,0.8613079725677207,86.13079725677207,2147.0802624432995,15050.409110879416,0.2793427266003613,3.2368156966202455,
0.12595207177414014,0.7706240875903995,300.0,101325.0,True,0.09302562989878467,9.302562989878467,1832.968377425705,6490.736156528236,0.09778578879606337,6.317316619560337,
0.03539977350371072,1.205553513867282,300.0,101325.0,True,0.11460458556883665,11.460458556883665,1966.666076633547,109.68611315676387,0.5894750382663329,0.00047522174037477923,
0.1886365325207349,1.1993996809281624,300.0,101325.0,True,0.1709917956542515,17.09917956542515,2008.4602954614677,974.8344912999796,0.04425450787850137,0.005681604957008222,
0.014196007215594997,0.8502541517983241,300.0,101325.0,True,0.08491058352968926,8.491058352968926,1910.575837600759,6131.337849404971,0.09678611353699741,4.013519649353354,
0.27598586912184886,1.2099930348326442,300.0,101325.0,True,0.21774887180190028,21.774887180190028,2021.6030524608827,1869.010283481015,0.070559087958928,0.011113243177793532,
0.8316409766365204,1.1086911974994818,300.0,101325.0,True,1.48296759344408,148.296759344408,2242.4879940666615,11413.098670851114,0.41268978475085244,0.32834496767531907,
0.6839315969380663,0.7107931918260234,300.0,101325.0,True,0.45848386936690383,45.84838693669038,1866.1988645903018,13291.755963226517,0.14733879221183416,13.64973840857296,
0.02998319900946804,0.9757981160458741,300.0,101325.0,True,0.1088113826883602,10.88113826883602,2048.52882415281,5449.492604943381,0.06338448431165386,0.9983668388613336,
0.3515354154382957,0.9527490005378927,300.0,101325.0,True,0.27148980574094644,27.148980574094644,2089.6999344764176,9559.918365484633,0.13609887339712898,1.9132737482864306,
0.587577712198661,1.2469206822363366,300.0,101325.0,True,0.6707479366157278,67.07479366157278,2079.1699163432877,6816.131418626131,0.415382980917169,0.04540888955490003,
0.25657132565880436,0.9820019524412618,300.0,101325.0,True,0.20652906453013697,20.6529064530137,2091.708374622549,7731.351777488101,0.10804117446067736,1.007584210041891,
0.3748236670948942,1.1535388241510152,300.0,101325.0,True,0.32107949025061655,32.10794902506166,2068.8123640443046,4912.616666074579,0.19616942027529571,0.04931471897610895,
0.5246805455114912,0.96188739873894,300.0,101325.0,True,0.4916431128718956,49.16431128718956,2133.79629239468,12261.72219675244,0.20685643623762584,1.776146297226139,
0.09500709442062456,1.0981850562543656,300.0,101325.0,True,0.14245772182632155,14.245772182632155,2037.080851799286,2607.426001076804,0.06132271813008892,0.034237930659713665,
0.9100401004205168,1.087315984023041,300.0,101325.0,True,1.8247064263755375,182.47064263755374,2299.7373384690504,9760.7779003275,0.27210471140492276,0.4394763518711488,
0.6282691523351821,1.038650910901365,300.0,101325.0,True,0.7511901528154206,75.11901528154206,2183.826661661128,11741.77790718286,0.289678446772397,0.5153754722547882,
0.6743782597316594,1.2894718695403875,300.0,101325.0,True,0.9145996352051027,91.45996352051027,2087.969829596487,7749.879365126982,0.5364552860737813,0.04650481815690532,
0.20914696907845298,1.1809559047727176,300.0,101325.0,True,0.18388274399166465,18.388274399166466,2020.9635111406149,1711.139888697396,0.056832930079022057,0.011743252715350497,
0.8360164496684976,0.8152035802936604,300.0,101325.0,True,0.9716874365701349,97.1687436570135,2069.8948318353755,13899.292002034703,0.28335610761618635,5.891255403203825,
0.30631007733583215,1.0624846077286505,300.0,101325.0,True,0.26106498388479016,26.106498388479014,2093.9307036588793,6401.016622215379,0.16152844243491604,0.15710721824091212,
0.6379544670120807,0.8956676893229678,300.0,101325.0,True,0.6348136599994149,63.48136599994149,2099.8704024710055,14530.396632337272,0.2372975578658504,4.090056677244011,
0.665728396431779,1.257227950652196,300.0,101325.0,True,0.8961900396868285,89.61900396868285,2098.134495720018,8248.84703272979,0.5398855343838481,0.05799182357688504,
0.6995376202904234,1.1500400612050365,300.0,101325.0,True,1.009345694535568,100.9345694535568,2154.154556775405,11058.952435081479,0.5649061917003195,0.16269548462237307,
0.11855709764074683,1.1390365054075597,300.0,101325.0,True,0.14906595147149002,14.906595147149002,2022.5412909069885,1704.5317090498388,0.04581341082407172,0.015075169661745075,
0.4099621892475272,0.7960823695188153,300.0,101325.0,True,0.2425359086389724,24.25359086389724,1921.0801524540495,10671.222738923667,0.12940402673830795,8.08471620485121,
0.1092156336829235,1.1138325325441547,300.0,101325.0,True,0.1476194560869074,14.761945608690741,2031.4807891944695,2448.896360059412,0.06552598457050951,0.027392955160465762,
0.49354376511444004,0.8910208679697678,300.0,101325.0,True,0.3938471221591832,39.38471221591832,2056.9297464874226,12440.74867116478,0.18038572439269818,4.310316829274366,
0.9267676056502065,1.2398479741931354,300.0,101325.0,True,2.1126340361984326,211.26340361984325,2252.7896090332856,8082.5078928960165,0.3789110508572525,0.1293214725179396,
0.9560160087417617,0.7767846437537139,300.0,101325.0,True,1.2921571689194582,129.21571689194582,2078.1547664215855,7126.874631814959,0.29245310563585647,3.3370674536116702,
0.16908071969721902,0.792781800000517,300.0,101325.0,True,0.11217153816349314,11.217153816349313,1868.6807267414295,7193.330250269465,0.10419981516816168,6.145068760041412,
0.8723704629906872,1.1433952867043033,300.0,101325.0,True,1.7081738054570408,170.81738054570408,2252.333465513763,10403.423686172679,0.41096838451753287,0.2531836297853186,
0.3562463727225002,1.2761884796508263,300.0,101325.0,True,0.2628515752832765,26.28515752832765,2010.475305146596,1617.2796101440767,0.07096942417109804,0.006937071994964929,
0.4280723399882561,0.858220162246054,300.0,101325.0,True,0.29662887922468417,29.662887922468418,2004.3062992433458,11322.459493269806,0.13848574612538742,5.907300100938809,
0.2518714555850828,1.1231955173168564,300.0,101325.0,True,0.21825075321031404,21.825075321031402,2056.0668626625325,3850.7315121772444,0.12280744929563177,0.04510731847872986,
0.8840120948854995,1.2465225861341311,300.0,101325.0,True,1.8615878167804056,186.15878167804055,2216.9534801234418,9274.762305403907,0.4963655944912619,0.12037309686919963,
0.23526342306450715,1.2273589281877348,300.0,101325.0,True,0.18927747223862865,18.927747223862866,2005.6501946531157,880.1068139539253,0.0642086465179467,0.0044418173737997375,
0.23177501012223764,1.2829730923764064,300.0,101325.0,True,0.1767251724532311,17.67251724532311,1978.2115299738418,147.30578257173408,0.8724658804051421,0.0005073317956904961,
0.7654602695429396,1.068851732713068,300.0,101325.0,True,1.1811051608472285,118.11051608472285,2224.213941561941,12296.467699922578,0.37926537370630015,0.4496500313306306,
0.47465295795734436,1.1622705157687205,300.0,101325.0,True,0.45968891975841747,45.96889197584175,2087.2078547357833,6576.047965833802,0.2997804024742113,0.06775244112454393,
0.3252556153968124,0.8415423500538822,300.0,101325.0,True,0.20337359792640067,20.33735979264007,1958.9837139688902,9615.023645514832,0.13520911232241772,5.614839694064374,
0.07658065615604559,1.2205599210324158,300.0,101325.0,True,0.12493439769184214,12.493439769184214,1968.8359654306266,108.91537064986005,0.588887027083513,0.00044771695302885393,
0.9529976223233902,0.7597505829588255,300.0,101325.0,True,1.2235955745033096,122.35955745033095,2050.4569405766897,7319.618899738932,0.29483766286847424,3.768579367478686,
0.13827941700676127,1.0508605181075836,300.0,101325.0,True,0.1575640044177104,15.75640044177104,2068.1529292704813,4415.293795266114,0.07981212982874475,0.11803750366474174,
0.746335669520751,1.007944990186238,300.0,101325.0,True,1.0478326673228011,104.78326673228011,2227.403055689092,13376.59236016521,0.27637015219885097,1.0469540551574377,
0.8186984567464143,0.926980670699535,300.0,101325.0,True,1.1524791385130329,115.24791385130328,2207.6130992657395,14160.166493609917,0.22629464326056165,3.3487884524000524,
0.5523231351317764,0.7432329524717886,300.0,101325.0,True,0.3339125549615596,33.39125549615596,1879.1354795487784,12325.19041032875,0.1367887517316642,11.554703535842807,
0.7416003878825822,1.1270930428663402,300.0,101325.0,True,1.144375413707001,114.4375413707001,2190.7009041280617,11261.872963333824,0.4655977724518078,0.22480889074667126,
0.34261546869353315,0.7397005958707178,300.0,101325.0,True,0.16474968848863916,16.474968848863917,1831.620228207689,8821.20835783477,0.10929426384160985,9.233733217770117,
0.08405447711107736,0.9533841629062945,300.0,101325.0,True,0.12117912710322173,12.117912710322173,2037.4712428768,6285.697787682021,0.08036407580178168,1.673625632722507,
0.9789813637082787,1.2683426132036204,300.0,101325.0,True,2.527053374147858,252.7053374147858,2297.6147082480397,4306.218077560229,0.14824488140090458,0.07986223139280728,
